{
    "counter": {
        "ACTIVE": 19367,
        "INACTIVE": 1633,
        "INVALID": 0,
        "MALICIOUS": 0,
        "SANE": 0,
        "VALID": 0,
        "total": 21000
    },
    "percentage": {
        "ACTIVE": 92.22380952380952,
        "INACTIVE": 7.779153963414634,
        "INVALID": 0,
        "MALICIOUS": 0,
        "SANE": 0,
        "VALID": 0,
        "total": 100.00296348722415
    }
}