{
    "counter": {
        "ACTIVE": 19598,
        "INACTIVE": 1402,
        "INVALID": 0,
        "MALICIOUS": 0,
        "SANE": 0,
        "VALID": 0,
        "total": 21000
    },
    "percentage": {
        "ACTIVE": 93.32380952380953,
        "INACTIVE": 6.678734756097561,
        "INVALID": 0,
        "MALICIOUS": 0,
        "SANE": 0,
        "VALID": 0,
        "total": 100.00254427990708
    }
}