{
    "counter": {
        "ACTIVE": 17691,
        "INACTIVE": 3309,
        "INVALID": 0,
        "MALICIOUS": 0,
        "SANE": 0,
        "VALID": 0,
        "total": 21000
    },
    "percentage": {
        "ACTIVE": 84.24285714285715,
        "INACTIVE": 15.757142857142858,
        "INVALID": 0.0,
        "MALICIOUS": 0.0,
        "SANE": 0.0,
        "VALID": 0.0,
        "total": 100.0
    }
}