{
    "counter": {
        "ACTIVE": 19907,
        "INACTIVE": 1093,
        "INVALID": 0,
        "MALICIOUS": 0,
        "SANE": 0,
        "VALID": 0,
        "total": 21000
    },
    "percentage": {
        "ACTIVE": 94.79523809523809,
        "INACTIVE": 5.249255595043704,
        "INVALID": 0,
        "MALICIOUS": 0,
        "SANE": 0,
        "VALID": 0,
        "total": 100.0444936902818
    }
}