{
    "counter": {
        "ACTIVE": 17849,
        "INACTIVE": 3150,
        "INVALID": 1,
        "MALICIOUS": 0,
        "SANE": 0,
        "VALID": 0,
        "total": 21000
    },
    "percentage": {
        "ACTIVE": 84.9952380952381,
        "INACTIVE": 15.001428707495952,
        "INVALID": 0.011983223487118035,
        "MALICIOUS": 0,
        "SANE": 0,
        "VALID": 0,
        "total": 100.00865002622116
    }
}