{
    "counter": {
        "ACTIVE": 18920,
        "INACTIVE": 2080,
        "INVALID": 0,
        "MALICIOUS": 0,
        "SANE": 0,
        "VALID": 0,
        "total": 21000
    },
    "percentage": {
        "ACTIVE": 90.0952380952381,
        "INACTIVE": 9.908536585365853,
        "INVALID": 0,
        "MALICIOUS": 0,
        "SANE": 0,
        "VALID": 0,
        "total": 100.00377468060395
    }
}