{
    "counter": {
        "ACTIVE": 18966,
        "INACTIVE": 2034,
        "INVALID": 0,
        "MALICIOUS": 0,
        "SANE": 0,
        "VALID": 0,
        "total": 21000
    },
    "percentage": {
        "ACTIVE": 90.31428571428572,
        "INACTIVE": 9.689405487804878,
        "INVALID": 0,
        "MALICIOUS": 0,
        "SANE": 0,
        "VALID": 0,
        "total": 100.0036912020906
    }
}